time,queue_length,job_scheduled,node_assigned
0,99,synthetic_job_0000,node_0
10,98,synthetic_job_0001,node_0
20,97,synthetic_job_0002,node_0
30,96,synthetic_job_0003,node_1
40,95,synthetic_job_0004,node_1
50,94,synthetic_job_0005,node_1
60,93,synthetic_job_0006,node_2
70,92,synthetic_job_0007,node_2
80,91,synthetic_job_0008,node_2
90,90,synthetic_job_0009,node_3
100,89,synthetic_job_0010,node_3
110,88,synthetic_job_0011,node_3
120,87,synthetic_job_0012,node_4
130,86,synthetic_job_0013,node_4
140,85,synthetic_job_0014,node_4
150,84,synthetic_job_0015,node_5
160,83,synthetic_job_0016,node_5
170,82,synthetic_job_0017,node_5
180,81,synthetic_job_0018,node_6
190,80,synthetic_job_0019,node_6
200,79,synthetic_job_0020,node_6
210,78,synthetic_job_0021,node_7
220,77,synthetic_job_0022,node_7
230,76,synthetic_job_0023,node_7
240,75,synthetic_job_0024,node_8
250,74,synthetic_job_0025,node_8
260,73,synthetic_job_0026,node_8
270,72,synthetic_job_0027,node_9
280,71,synthetic_job_0028,node_9
290,70,synthetic_job_0029,node_9
3600,69,synthetic_job_0030,node_0
3610,68,synthetic_job_0031,node_0
3620,67,synthetic_job_0032,node_0
3630,66,synthetic_job_0033,node_1
3640,65,synthetic_job_0034,node_1
3650,64,synthetic_job_0035,node_1
3660,63,synthetic_job_0036,node_2
3670,62,synthetic_job_0037,node_2
3680,61,synthetic_job_0038,node_2
3690,60,synthetic_job_0039,node_3
3700,59,synthetic_job_0040,node_3
3710,58,synthetic_job_0041,node_3
3720,57,synthetic_job_0042,node_4
3730,56,synthetic_job_0043,node_4
3740,55,synthetic_job_0044,node_4
3750,54,synthetic_job_0045,node_5
3760,53,synthetic_job_0046,node_5
3770,52,synthetic_job_0047,node_5
3780,51,synthetic_job_0048,node_6
3790,50,synthetic_job_0049,node_6
3800,49,synthetic_job_0050,node_6
3810,48,synthetic_job_0051,node_7
3820,47,synthetic_job_0052,node_7
3830,46,synthetic_job_0053,node_7
3840,45,synthetic_job_0054,node_8
3850,44,synthetic_job_0055,node_8
3860,43,synthetic_job_0056,node_8
3870,42,synthetic_job_0057,node_9
3880,41,synthetic_job_0058,node_9
3890,40,synthetic_job_0059,node_9
7200,39,synthetic_job_0060,node_0
7210,38,synthetic_job_0061,node_0
7220,37,synthetic_job_0062,node_0
7230,36,synthetic_job_0063,node_1
7240,35,synthetic_job_0064,node_1
7250,34,synthetic_job_0065,node_1
7260,33,synthetic_job_0066,node_2
7270,32,synthetic_job_0067,node_2
7280,31,synthetic_job_0068,node_2
7290,30,synthetic_job_0069,node_3
7300,29,synthetic_job_0070,node_3
7310,28,synthetic_job_0071,node_3
7320,27,synthetic_job_0072,node_4
7330,26,synthetic_job_0073,node_4
7340,25,synthetic_job_0074,node_4
7350,24,synthetic_job_0075,node_5
7360,23,synthetic_job_0076,node_5
7370,22,synthetic_job_0077,node_5
7380,21,synthetic_job_0078,node_6
7390,20,synthetic_job_0079,node_6
7400,19,synthetic_job_0080,node_6
7410,18,synthetic_job_0081,node_7
7420,17,synthetic_job_0082,node_7
7430,16,synthetic_job_0083,node_7
7440,15,synthetic_job_0084,node_8
7450,14,synthetic_job_0085,node_8
7460,13,synthetic_job_0086,node_8
7470,12,synthetic_job_0087,node_9
7480,11,synthetic_job_0088,node_9
7490,10,synthetic_job_0089,node_9
10800,9,synthetic_job_0090,node_0
10810,8,synthetic_job_0091,node_0
10820,7,synthetic_job_0092,node_0
10830,6,synthetic_job_0093,node_1
10840,5,synthetic_job_0094,node_1
10850,4,synthetic_job_0095,node_1
10860,3,synthetic_job_0096,node_2
10870,2,synthetic_job_0097,node_2
10880,1,synthetic_job_0098,node_2
10890,0,synthetic_job_0099,node_3
