job_id,job_type,node_id,start_time,end_time,duration,expected_duration,cpu_cores,memory_mb,workload_pattern,completion_status
synthetic_job_0000,cpu_intensive,node_0,0,3600,3600,3600,4,8192,compute,completed
synthetic_job_0001,cpu_intensive,node_0,10,3610,3600,3600,4,8192,compute,completed
synthetic_job_0002,cpu_intensive,node_0,20,3620,3600,3600,4,8192,compute,completed
synthetic_job_0003,cpu_intensive,node_1,30,3630,3600,3600,4,8192,compute,completed
synthetic_job_0004,cpu_intensive,node_1,40,3640,3600,3600,4,8192,compute,completed
synthetic_job_0005,cpu_intensive,node_1,50,3650,3600,3600,4,8192,compute,completed
synthetic_job_0006,cpu_intensive,node_2,60,3660,3600,3600,4,8192,compute,completed
synthetic_job_0007,cpu_intensive,node_2,70,3670,3600,3600,4,8192,compute,completed
synthetic_job_0008,cpu_intensive,node_2,80,3680,3600,3600,4,8192,compute,completed
synthetic_job_0009,cpu_intensive,node_3,90,3690,3600,3600,4,8192,compute,completed
synthetic_job_0010,cpu_intensive,node_3,100,3700,3600,3600,4,8192,compute,completed
synthetic_job_0011,cpu_intensive,node_3,110,3710,3600,3600,4,8192,compute,completed
synthetic_job_0012,cpu_intensive,node_4,120,3720,3600,3600,4,8192,compute,completed
synthetic_job_0013,cpu_intensive,node_4,130,3730,3600,3600,4,8192,compute,completed
synthetic_job_0014,cpu_intensive,node_4,140,3740,3600,3600,4,8192,compute,completed
synthetic_job_0015,cpu_intensive,node_5,150,3750,3600,3600,4,8192,compute,completed
synthetic_job_0016,cpu_intensive,node_5,160,3760,3600,3600,4,8192,compute,completed
synthetic_job_0017,cpu_intensive,node_5,170,3770,3600,3600,4,8192,compute,completed
synthetic_job_0018,cpu_intensive,node_6,180,3780,3600,3600,4,8192,compute,completed
synthetic_job_0019,cpu_intensive,node_6,190,3790,3600,3600,4,8192,compute,completed
synthetic_job_0020,cpu_intensive,node_6,200,3800,3600,3600,4,8192,compute,completed
synthetic_job_0021,cpu_intensive,node_7,210,3810,3600,3600,4,8192,compute,completed
synthetic_job_0022,cpu_intensive,node_7,220,3820,3600,3600,4,8192,compute,completed
synthetic_job_0023,cpu_intensive,node_7,230,3830,3600,3600,4,8192,compute,completed
synthetic_job_0024,cpu_intensive,node_8,240,3840,3600,3600,4,8192,compute,completed
synthetic_job_0025,cpu_intensive,node_8,250,3850,3600,3600,4,8192,compute,completed
synthetic_job_0026,cpu_intensive,node_8,260,3860,3600,3600,4,8192,compute,completed
synthetic_job_0027,cpu_intensive,node_9,270,3870,3600,3600,4,8192,compute,completed
synthetic_job_0028,cpu_intensive,node_9,280,3880,3600,3600,4,8192,compute,completed
synthetic_job_0029,cpu_intensive,node_9,290,3890,3600,3600,4,8192,compute,completed
synthetic_job_0030,cpu_intensive,node_0,3600,7200,3600,3600,4,8192,compute,completed
synthetic_job_0031,cpu_intensive,node_0,3610,7210,3600,3600,4,8192,compute,completed
synthetic_job_0032,cpu_intensive,node_0,3620,7220,3600,3600,4,8192,compute,completed
synthetic_job_0033,cpu_intensive,node_1,3630,7230,3600,3600,4,8192,compute,completed
synthetic_job_0034,cpu_intensive,node_1,3640,7240,3600,3600,4,8192,compute,completed
synthetic_job_0035,cpu_intensive,node_1,3650,7250,3600,3600,4,8192,compute,completed
synthetic_job_0036,cpu_intensive,node_2,3660,7260,3600,3600,4,8192,compute,completed
synthetic_job_0037,cpu_intensive,node_2,3670,7270,3600,3600,4,8192,compute,completed
synthetic_job_0038,cpu_intensive,node_2,3680,7280,3600,3600,4,8192,compute,completed
synthetic_job_0039,cpu_intensive,node_3,3690,7290,3600,3600,4,8192,compute,completed
synthetic_job_0040,cpu_intensive,node_3,3700,7300,3600,3600,4,8192,compute,completed
synthetic_job_0041,cpu_intensive,node_3,3710,7310,3600,3600,4,8192,compute,completed
synthetic_job_0042,cpu_intensive,node_4,3720,7320,3600,3600,4,8192,compute,completed
synthetic_job_0043,cpu_intensive,node_4,3730,7330,3600,3600,4,8192,compute,completed
synthetic_job_0044,cpu_intensive,node_4,3740,7340,3600,3600,4,8192,compute,completed
synthetic_job_0045,cpu_intensive,node_5,3750,7350,3600,3600,4,8192,compute,completed
synthetic_job_0046,cpu_intensive,node_5,3760,7360,3600,3600,4,8192,compute,completed
synthetic_job_0047,cpu_intensive,node_5,3770,7370,3600,3600,4,8192,compute,completed
synthetic_job_0048,cpu_intensive,node_6,3780,7380,3600,3600,4,8192,compute,completed
synthetic_job_0049,cpu_intensive,node_6,3790,7390,3600,3600,4,8192,compute,completed
synthetic_job_0050,cpu_intensive,node_6,3800,7400,3600,3600,4,8192,compute,completed
synthetic_job_0051,cpu_intensive,node_7,3810,7410,3600,3600,4,8192,compute,completed
synthetic_job_0052,cpu_intensive,node_7,3820,7420,3600,3600,4,8192,compute,completed
synthetic_job_0053,cpu_intensive,node_7,3830,7430,3600,3600,4,8192,compute,completed
synthetic_job_0054,cpu_intensive,node_8,3840,7440,3600,3600,4,8192,compute,completed
synthetic_job_0055,cpu_intensive,node_8,3850,7450,3600,3600,4,8192,compute,completed
synthetic_job_0056,cpu_intensive,node_8,3860,7460,3600,3600,4,8192,compute,completed
synthetic_job_0057,cpu_intensive,node_9,3870,7470,3600,3600,4,8192,compute,completed
synthetic_job_0058,cpu_intensive,node_9,3880,7480,3600,3600,4,8192,compute,completed
synthetic_job_0059,cpu_intensive,node_9,3890,7490,3600,3600,4,8192,compute,completed
synthetic_job_0060,cpu_intensive,node_0,7200,10800,3600,3600,4,8192,compute,completed
synthetic_job_0061,cpu_intensive,node_0,7210,10810,3600,3600,4,8192,compute,completed
synthetic_job_0062,cpu_intensive,node_0,7220,10820,3600,3600,4,8192,compute,completed
synthetic_job_0063,cpu_intensive,node_1,7230,10830,3600,3600,4,8192,compute,completed
synthetic_job_0064,cpu_intensive,node_1,7240,10840,3600,3600,4,8192,compute,completed
synthetic_job_0065,cpu_intensive,node_1,7250,10850,3600,3600,4,8192,compute,completed
synthetic_job_0066,cpu_intensive,node_2,7260,10860,3600,3600,4,8192,compute,completed
synthetic_job_0067,cpu_intensive,node_2,7270,10870,3600,3600,4,8192,compute,completed
synthetic_job_0068,cpu_intensive,node_2,7280,10880,3600,3600,4,8192,compute,completed
synthetic_job_0069,cpu_intensive,node_3,7290,10890,3600,3600,4,8192,compute,completed
synthetic_job_0070,cpu_intensive,node_3,7300,10900,3600,3600,4,8192,compute,completed
synthetic_job_0071,cpu_intensive,node_3,7310,10910,3600,3600,4,8192,compute,completed
synthetic_job_0072,cpu_intensive,node_4,7320,10920,3600,3600,4,8192,compute,completed
synthetic_job_0073,cpu_intensive,node_4,7330,10930,3600,3600,4,8192,compute,completed
synthetic_job_0074,cpu_intensive,node_4,7340,10940,3600,3600,4,8192,compute,completed
synthetic_job_0075,cpu_intensive,node_5,7350,10950,3600,3600,4,8192,compute,completed
synthetic_job_0076,cpu_intensive,node_5,7360,10960,3600,3600,4,8192,compute,completed
synthetic_job_0077,cpu_intensive,node_5,7370,10970,3600,3600,4,8192,compute,completed
synthetic_job_0078,cpu_intensive,node_6,7380,10980,3600,3600,4,8192,compute,completed
synthetic_job_0079,cpu_intensive,node_6,7390,10990,3600,3600,4,8192,compute,completed
synthetic_job_0080,cpu_intensive,node_6,7400,11000,3600,3600,4,8192,compute,completed
synthetic_job_0081,cpu_intensive,node_7,7410,11010,3600,3600,4,8192,compute,completed
synthetic_job_0082,cpu_intensive,node_7,7420,11020,3600,3600,4,8192,compute,completed
synthetic_job_0083,cpu_intensive,node_7,7430,11030,3600,3600,4,8192,compute,completed
synthetic_job_0084,cpu_intensive,node_8,7440,11040,3600,3600,4,8192,compute,completed
synthetic_job_0085,cpu_intensive,node_8,7450,11050,3600,3600,4,8192,compute,completed
synthetic_job_0086,cpu_intensive,node_8,7460,11060,3600,3600,4,8192,compute,completed
synthetic_job_0087,cpu_intensive,node_9,7470,11070,3600,3600,4,8192,compute,completed
synthetic_job_0088,cpu_intensive,node_9,7480,11080,3600,3600,4,8192,compute,completed
synthetic_job_0089,cpu_intensive,node_9,7490,11090,3600,3600,4,8192,compute,completed
synthetic_job_0090,cpu_intensive,node_0,10800,14400,3600,3600,4,8192,compute,completed
synthetic_job_0091,cpu_intensive,node_0,10810,14410,3600,3600,4,8192,compute,completed
synthetic_job_0092,cpu_intensive,node_0,10820,14420,3600,3600,4,8192,compute,completed
synthetic_job_0093,cpu_intensive,node_1,10830,14430,3600,3600,4,8192,compute,completed
synthetic_job_0094,cpu_intensive,node_1,10840,14440,3600,3600,4,8192,compute,completed
synthetic_job_0095,cpu_intensive,node_1,10850,14450,3600,3600,4,8192,compute,completed
synthetic_job_0096,cpu_intensive,node_2,10860,14460,3600,3600,4,8192,compute,completed
synthetic_job_0097,cpu_intensive,node_2,10870,14470,3600,3600,4,8192,compute,completed
synthetic_job_0098,cpu_intensive,node_2,10880,14480,3600,3600,4,8192,compute,completed
synthetic_job_0099,cpu_intensive,node_3,10890,14490,3600,3600,4,8192,compute,completed
